serial_id,serial_number,serial_production_date
1,1KS1CCESH0120001,6/1/2021
2,1KS1CCESH0120002,6/1/2021
3,1KS1CCESH0120003,6/1/2021
4,1KS1CCESH0120004,6/1/2021
5,1KS1CCESH0120005,6/1/2021
6,1KS1CCESH0120006,6/1/2021
7,1KS1CCESH0120007,6/1/2021
8,1KS1CCESH0120008,6/1/2021
9,1KS1CCESH0120009,6/1/2021
10,1KS1CCESH0120010,6/1/2021
11,1KS1CCESH0120011,6/1/2021
12,1KS1CCESH0120012,6/1/2021
13,1KS1CCESH0120014,6/1/2021
14,1KS1CCESH0120015,6/1/2021
15,1KS1CCESH0120016,6/1/2021
16,1KS1CCESH0120017,6/1/2021
17,1KS1CCESH0120018,6/1/2021
18,1KS1CCESH0120019,6/1/2021
19,1KS1CCESH0120020,6/1/2021
20,1KS1CCESH0120021,6/1/2021
21,1KS1CCESH0120022,6/1/2021
22,1KS1CCESH0120023,6/1/2021
23,1KS1CCESH0120024,6/1/2021
24,1KS1CCESH0120025,6/1/2021
25,1KS1CCESH0120026,6/1/2021
26,1KS1CCESH0120027,6/1/2021
27,1KS1CCESH0120028,6/1/2021
28,1KS1CCESH0120029,6/1/2021
29,1KS1CCESH0120030,6/1/2021
30,1KS1CCESH0120031,6/1/2021
31,1KS1CCESH0120032,6/1/2021
32,1KS1CCESH0120033,6/1/2021
33,1KS1CCESH0120034,6/1/2021
34,1KS1CCESH0120035,6/1/2021
35,1KS1CCESH0120036,6/1/2021
36,1KS1CCESH0120037,6/1/2021
37,1KS1CCESH0120038,6/1/2021
38,1KS1CCESH0120039,6/1/2021
39,1KS1CCESH0120040,6/1/2021
40,1KS1CCESH0120041,6/1/2021
41,1KS1CCESH0120042,6/1/2021
42,1KS1CCESH0120043,6/1/2021
43,1KS1CCESH0120044,6/1/2021
44,1KS1CCESH0120045,6/1/2021
45,1KS1CCESH0120046,6/1/2021
46,1KS1CCESH0120047,6/1/2021
47,1KS1CCESH0120048,6/1/2021
48,1KS1CCESH0120049,6/1/2021
49,1KS1CCESH0120050,6/1/2021
50,1KS1CCESH0120051,6/1/2021
51,1KS1CCESH0120052,6/1/2021
52,1KS1CCESH0120053,6/1/2021
53,1KS1CCESH0120054,6/1/2021
54,1KS1CCESH0120055,6/1/2021
55,1KS1CCESH0120056,6/1/2021
56,1KS1CCESH0120057,6/1/2021
57,1KS1CCESH0120058,6/1/2021
58,1KS1CCESH0120059,6/1/2021
59,1KS1CCESH0120060,6/1/2021
60,1KS1CCESH0120061,6/1/2021
61,1KS1CCESH0120062,6/1/2021
62,1KS1CCESH0120063,6/1/2021
63,1KS1CCESH0120064,6/1/2021
64,1KS1CCESH0120065,6/1/2021
65,1KS1CCESH0120066,6/1/2021
66,1KS1CCESH0120067,6/1/2021
67,1KS1CCESH0120068,6/1/2021
68,1KS1CCESH0120069,6/1/2021
69,1KS1CCESH0120070,6/1/2021
70,1KS1CCESH0120071,6/1/2021
71,1KS1CCESH0120072,6/1/2021
72,1KS1CCESH0120073,6/1/2021
73,1KS1CCESH0120074,6/1/2021
74,1KS1CCESH0120075,6/1/2021
75,1KS1CCESH0120076,6/1/2021
76,1KS1CCESH0120077,6/1/2021
77,1KS1CCESH0120078,6/1/2021
78,1KS1CCESH0120079,6/1/2021
79,1KS1CCESH0120080,6/1/2021
80,1KS1CCESH0120081,6/1/2021
81,1KS1CCESH0120082,6/1/2021
82,1KS1CCESH0120083,6/1/2021
83,1KS1CCESH0120084,6/1/2021
84,1KS1CCESH0120085,6/1/2021
85,1KS1CCESH0120086,6/1/2021
86,1KS1CCESH0120087,6/1/2021
87,1KS1CCESH0120088,6/1/2021
88,1KS1CCESH0120089,6/1/2021
89,1KS1CCESH0120090,6/1/2021
90,1KS1CCESH0120091,6/1/2021
91,1KS1CCESH0120092,6/1/2021
92,1KS1CCESH0120093,6/1/2021
93,1KS1CCESH0120094,6/1/2021
94,1KS1CCESH0120095,6/1/2021
95,1KS1CCESH0120096,6/1/2021
96,1KS1CCESH0120097,6/1/2021
97,1KS1CCESH0120098,6/1/2021
98,1KS1CCESH0120099,6/1/2021
99,1KS1CCESH0120100,6/1/2021
100,1KS1CCESH0120101,6/1/2021
101,1KS1CCESH0120102,6/1/2021
102,1KS1CCESH0120103,6/1/2021
103,1KS1CCESH0120104,6/1/2021
104,1KS1CCESH0120105,6/1/2021
105,1KS1CCESH0120106,6/1/2021
106,1KS1CCESH0120107,6/1/2021
107,1KS1CCESH0120108,6/1/2021
108,1KS1CCESH0120109,6/1/2021
109,1KS1CCESH0120110,6/1/2021
110,1KS1CCESH0120111,6/1/2021
111,1KS1CCESH0120112,6/1/2021
112,1KS1CCESH0120113,6/1/2021
113,1KS1CCESH0120114,6/1/2021
114,1KS1CCESH0120115,6/1/2021
115,1KS1CCESH0120116,6/1/2021
116,1KS1CCESH0120117,6/1/2021
117,1KS1CCESH0120118,6/1/2021
118,1KS1CCESH0120119,6/1/2021
119,1KS1CCESH0120120,6/1/2021
120,1KS1CCESH0120121,6/1/2021
121,1KS1CCESH0120122,6/1/2021
122,1KS1CCESH0120123,6/1/2021
123,1KS1CCESH0120124,6/1/2021
124,1KS1CCESH0120125,6/1/2021
125,1KS1CCESH0120126,6/1/2021
126,1KS1CCESH0120127,6/1/2021
127,1KS1CCESH0120128,6/1/2021
128,1KS1CCESH0120129,6/1/2021
129,1KS1CCESH0120130,6/1/2021
130,1KS1CCESH0120131,6/1/2021
131,1KS1CCESH0120132,6/1/2021
132,1KS1CCESH0120133,6/1/2021
133,1KS1CCESH0120134,6/1/2021
134,1KS1CCESH0120135,6/1/2021
135,1KS1CCESH0120136,6/1/2021
136,1KS1CCESH0120137,6/1/2021
137,1KS1CCESH0120138,6/1/2021
138,1KS1CCESH0120139,6/1/2021
139,1KS1CCESH0120140,6/1/2021
140,1KS1CCESH0120141,6/1/2021
141,1KS1CCESH0120142,6/1/2021
142,1KS1CCESH0120143,6/1/2021
143,1KS1CCESH0120144,6/1/2021
144,1KS1CCESH0120145,6/1/2021
145,1KS1CCESH0120146,6/1/2021
146,1KS1CCESH0120147,6/1/2021
147,1KS1CCESH0120148,6/1/2021
148,1KS1CCESH0120149,6/1/2021
149,1KS1CCESH0120150,6/1/2021
150,1KS1CCESH0120151,6/1/2021
151,1KS1CCESH0120152,6/1/2021
152,1KS1CCESH0120153,6/1/2021
153,1KS1CCESH0120154,6/1/2021
154,1KS1CCESH0120155,6/1/2021
155,1KS1CCESH0120156,6/1/2021
156,1KS1CCESH0120157,6/1/2021
157,1KS1CCESH0120158,6/1/2021
158,1KS1CCESH0120159,6/1/2021
159,1KS1CCESH0120160,6/1/2021
160,1KS1CCESH0120161,6/1/2021
161,1KS1CCESH0120162,6/1/2021
162,1KS1CCESH0120163,6/1/2021
163,1KS1CCESH0120164,6/1/2021
164,1KS1CCESH0120165,6/1/2021
165,1KS1CCESH0120166,6/1/2021
166,1KS1CCESH0120167,6/1/2021
167,1KS1CCESH0120168,6/1/2021
168,1KS1CCESH0120169,6/1/2021
169,1KS1CCESH0120170,6/1/2021
170,1KS1CCESH0120171,6/1/2021
171,1KS1CCESH0120172,6/1/2021
172,1KS1CCESH0120173,6/1/2021
173,1KS1CCESH0120174,6/1/2021
174,1KS1CCESH0120175,6/1/2021
175,1KS1CCESH0120176,6/1/2021
176,1KS1CCESH0120177,6/1/2021
177,1KS1CCESH0120178,6/1/2021
178,1KS1CCESH0120179,6/1/2021
179,1KS1CCESH0120180,6/1/2021
180,1KS1CCESH0120181,6/1/2021
181,1KS1CCESH0120182,6/1/2021
182,1KS1CCESH0120183,6/1/2021
183,1KS1CCESH0120184,6/1/2021
184,1KS1CCESH0120185,6/1/2021
185,1KS1CCESH0120186,6/1/2021
186,1KS1CCESH0120187,6/1/2021
187,1KS1CCESH0120188,6/1/2021
188,1KS1CCESH0120189,6/1/2021
189,1KS1CCESH0120190,6/1/2021
190,1KS1CCESH0120191,6/1/2021
191,1KS1CCESH0120192,6/1/2021
192,1KS1CCESH0120193,6/1/2021
193,1KS1CCESH0120194,6/1/2021
194,1KS1CCESH0120195,6/1/2021
195,1KS1CCESH0120196,6/1/2021
196,1KS1CCESH0120197,6/1/2021
197,1KS1CCESH0120198,6/1/2021
198,1KS1CCESH0120199,6/1/2021
199,1KS1CCESH0120200,6/1/2021
200,1KS1CCESH0120201,6/1/2021
201,1KS1CCESH0120202,6/1/2021
202,1KS1CCESH0120203,6/1/2021
203,1KS1CCESH0120204,6/1/2021
204,1KS1CCESH0120205,6/1/2021
205,1KS1CCESH0120206,6/1/2021
206,1KS1CCESH0120207,6/1/2021
207,1KS1CCESH0120208,6/1/2021
208,1KS1CCESH0120209,6/1/2021
209,1KS1CCESH0120210,6/1/2021
210,1KS1CCESH0120211,6/1/2021
211,1KS1CCESH0120212,6/1/2021
212,1KS1CCESH0120213,6/1/2021
213,1KS1CCESH0120214,6/1/2021
214,1KS1CCESH0120215,6/1/2021
215,1KS1CCESH0120216,6/1/2021
216,1KS1CCESH0120217,6/1/2021
217,1KS1CCESH0120218,6/1/2021
218,1KS1CCESH0120219,6/1/2021
219,1KS1CCESH0120220,6/1/2021
220,1KS1CCESH0120221,6/1/2021
221,1KS1CCESH0120222,6/1/2021
222,1KS1CCESH0120223,6/1/2021
223,1KS1CCESH0120224,6/1/2021
224,1KS1CCESH0120225,6/1/2021
225,1KS1CCESH0120226,6/1/2021
226,1KS1CCESH0120227,6/1/2021
227,1KS1CCESH0120228,6/1/2021
228,1KS1CCESH0120229,6/1/2021
229,1KS1CCESH0120230,6/1/2021
230,1KS1CCESH0120231,6/1/2021
231,1KS1CCESH0120232,6/1/2021
232,1KS1CCESH0120233,6/1/2021
233,1KS1CCESH0120234,6/1/2021
234,1KS1CCESH0120235,6/1/2021
235,1KS1CCESH0120236,6/1/2021
236,1KS1CCESH0120237,6/1/2021
237,1KS1CCESH0120238,6/1/2021
238,1KS1CCESH0120239,6/1/2021
239,1KS1CCESH0120240,6/1/2021
240,1KS1CCESH0120241,6/1/2021
241,1KS1CCESH0120242,6/1/2021
242,1KS1CCESH0120243,6/1/2021
243,1KS1CCESH0120244,6/1/2021
244,1KS1CCESH0120245,6/1/2021
245,1KS1CCESH0120246,6/1/2021
246,1KS1CCESH0120247,6/1/2021
247,1KS1CCESH0120248,6/1/2021
248,1KS1CCESH0120249,6/1/2021
249,1KS1CCESH0120250,6/1/2021
250,1KS1CCESH0120251,6/1/2021
251,1KS1CCESH0120252,6/1/2021
252,1KS1CCESH0120253,6/1/2021
253,1KS1CCESH0120254,6/1/2021
254,1KS1CCESH0120255,6/1/2021
255,1KS1CCESH0120256,6/1/2021
256,1KS1CCESH0120257,6/1/2021
257,1KS1CCESH0120258,6/1/2021
258,1KS1CCESH0120259,6/1/2021
259,1KS1CCESH0120260,6/1/2021
260,1KS1CCESH0120261,6/1/2021
261,1KS1CCESH0120262,6/1/2021
262,1KS1CCESH0120263,6/1/2021
263,1KS1CCESH0120264,6/1/2021
264,1KS1CCESH0120265,6/1/2021
265,1KS1CCESH0120266,6/1/2021
266,1KS1CCESH0120267,6/1/2021
267,1KS1CCESH0120268,6/1/2021
268,1KS1CCESH0120269,6/1/2021
269,1KS1CCESH0120270,6/1/2021
270,1KS1CCESH0120271,6/1/2021
271,1KS1CCESH0120272,6/1/2021
272,1KS1CCESH0120273,6/1/2021
273,1KS1CCESH0120274,6/1/2021
274,1KS1CCESH0120275,6/1/2021
275,1KS1CCESH0120276,6/1/2021
276,1KS1CCESH0120277,6/1/2021
277,1KS1CCESH0120278,6/1/2021
278,1KS1CCESH0120279,6/1/2021
279,1KS1CCESH0120280,6/1/2021
280,1KS1CCESH0120281,6/1/2021
281,1KS1CCESH0120282,6/1/2021
282,1KS1CCESH0120283,6/1/2021
283,1KS1CCESH0120284,6/1/2021
284,1KS1CCESH0120285,6/1/2021
285,1KS1CCESH0120286,6/1/2021
286,1KS1CCESH0120287,6/1/2021
287,1KS1CCESH0120288,6/1/2021
288,1KS1CCESH0120289,6/1/2021
289,1KS1CCESH0120290,6/1/2021
290,1KS1CCESH0120291,6/1/2021
291,1KS1CCESH0120292,6/1/2021
292,1KS1CCESH0120293,6/1/2021
293,1KS1CCESH0120294,6/1/2021
294,1KS1CCESH0120295,6/1/2021
295,1KS1CCESH0120296,6/1/2021
296,1KS1CCESH0120297,6/1/2021
297,1KS1CCESH0120298,6/1/2021
298,1KS1CCESH0120299,6/1/2021
299,1KS1CCESH0120300,6/1/2021
300,1KS1CCESH0120301,6/1/2021
301,1KS1CCESH0120302,6/1/2021
302,1KS1CCESH0120303,6/1/2021
303,1KS1CCESH0120304,6/1/2021
304,1KS1CCESH0120305,6/1/2021
305,1KS1CCESH0120306,6/1/2021
306,1KS1CCESH0120307,6/1/2021
307,1KS1CCESH0120308,6/1/2021
308,1KS1CCESH0120309,6/1/2021
309,1KS1CCESH0120310,6/1/2021
310,1KS1CCESH0120311,6/1/2021
311,1KS1CCESH0120312,6/1/2021
312,1KS1CCESH0120313,6/1/2021
313,1KS1CCESH0120314,6/1/2021
314,1KS1CCESH0120315,6/1/2021
315,1KS1CCESH0120316,6/1/2021
316,1KS1CCESH0120317,6/1/2021
317,1KS1CCESH0120318,6/1/2021
318,1KS1CCESH0120319,6/1/2021
319,1KS1CCESH0120320,6/1/2021
320,1KS1CCESH0120321,6/1/2021
321,1KS1CCESH0120322,6/1/2021
322,1KS1CCESH0120323,6/1/2021
323,1KS1CCESH0120324,6/1/2021
324,1KS1CCESH0120325,6/1/2021
325,1KS1CCESH0120326,6/1/2021
326,1KS1CCESH0120327,6/1/2021
327,1KS1CCESH0120328,6/1/2021
328,1KS1CCESH0120329,6/1/2021
329,1KS1CCESH0120330,6/1/2021
330,1KS1CCESH0120331,6/1/2021
331,1KS1CCESH0120332,6/1/2021
332,1KS1CCESH0120333,6/1/2021
333,1KS1CCESH0120334,6/1/2021
334,1KS1CCESH0120335,6/1/2021
335,1KS1CCESH0120336,6/1/2021
336,1KS1CCESH0120337,6/1/2021
337,1KS1CCESH0120338,6/1/2021
338,1KS1CCESH0120339,6/1/2021
339,1KS1CCESH0120340,6/1/2021
340,1KS1CCESH0120341,6/1/2021
341,1KS1CCESH0120342,6/1/2021
342,1KS1CCESH0120343,6/1/2021
343,1KS1CCESH0120344,6/1/2021
344,1KS1CCESH0120345,6/1/2021
345,1KS1CCESH0120346,6/1/2021
346,1KS1CCESH0120347,6/1/2021
347,1KS1CCESH0120348,6/1/2021
348,1KS1CCESH0120349,6/1/2021
349,1KS1CCESH0120350,6/1/2021
350,1KS1CCESH0120351,6/1/2021
351,1KS1CCESH0120352,6/1/2021
352,1KS1CCESH0120353,6/1/2021
353,1KS1CCESH0120354,6/1/2021
354,1KS1CCESH0120355,6/1/2021
355,1KS1CCESH0120356,6/1/2021
356,1KS1CCESH0120357,6/1/2021
357,1KS1CCESH0120358,6/1/2021
358,1KS1CCESH0120359,6/1/2021
359,1KS1CCESH0120360,6/1/2021
360,1KS1CCESH0120361,6/1/2021
361,1KS1CCESH0120362,6/1/2021
362,1KS1CCESH0120363,6/1/2021
363,1KS1CCESH0120364,6/1/2021
364,1KS1CCESH0120365,6/1/2021
365,1KS1CCESH0120366,6/1/2021
366,1KS1CCESH0120367,6/1/2021
367,1KS1CCESH0120368,6/1/2021
368,1KS1CCESH0120369,6/1/2021
369,1KS1CCESH0120370,6/1/2021
370,1KS1CCESH0120371,6/1/2021
371,1KS1CCESH0120372,6/1/2021
372,1KS1CCESH0120373,6/1/2021
373,1KS1CCESH0120374,6/1/2021
374,1KS1CCESH0120375,6/1/2021
375,1KS1CCESH0120376,6/1/2021
376,1KS1CCESH0120377,6/1/2021
377,1KS1CCESH0120378,6/1/2021
378,1KS1CCESH0120379,6/1/2021
379,1KS1CCESH0120380,6/1/2021
380,1KS1CCESH0120381,6/1/2021
381,1KS1CCESH0120382,6/1/2021
382,1KS1CCESH0120383,6/1/2021
383,1KS1CCESH0120384,6/1/2021
384,1KS1CCESH0120385,6/1/2021
385,1KS1CCESH0120386,6/1/2021
386,1KS1CCESH0120387,6/1/2021
387,1KS1CCESH0120388,6/1/2021
388,1KS1CCESH0120389,6/1/2021
389,1KS1CCESH0120390,6/1/2021
390,1KS1CCESH0120391,6/1/2021
391,1KS1CCESH0120392,6/1/2021
392,1KS1CCESH0120393,6/1/2021
393,1KS1CCESH0120394,6/1/2021
394,1KS1CCESH0120395,6/1/2021
395,1KS1CCESH0120396,6/1/2021
396,1KS1CCESH0120397,6/1/2021
397,1KS1CCESH0120398,6/1/2021
398,1KS1CCESH0120399,6/1/2021
399,1KS1CCESH0120400,6/1/2021
400,1KS1CCESH0120401,6/1/2021
401,1KS1CCESH0110001,7/1/2021
402,1KS1CCESH0110002,7/1/2021
403,1KS1CCESH0110003,7/1/2021
404,1KS1CCESH0110004,7/1/2021
405,1KS1CCESH0110005,7/1/2021
406,1KS1CCESH0110006,7/1/2021
407,1KS1CCESH0110007,7/1/2021
408,1KS1CCESH0110008,7/1/2021
409,1KS1CCESH0110009,7/1/2021
410,1KS1CCESH0110010,7/1/2021
411,1KS1CCESH0110011,7/1/2021
412,1KS1CCESH0110012,7/1/2021
413,1KS1CCESH0110013,7/1/2021
414,1KS1CCESH0110014,7/1/2021
415,1KS1CCESH0110015,7/1/2021
416,1KS1CCESH0110016,7/1/2021
417,1KS1CCESH0110017,7/1/2021
418,1KS1CCESH0110018,7/1/2021
419,1KS1CCESH0110019,7/1/2021
420,1KS1CCESH0110020,7/1/2021
421,1KS1CCESH0110021,7/1/2021
422,1KS1CCESH0110022,7/1/2021
423,1KS1CCESH0110023,7/1/2021
424,1KS1CCESH0110024,7/1/2021
425,1KS1CCESH0110025,7/1/2021
426,1KS1CCESH0110026,7/1/2021
427,1KS1CCESH0110027,7/1/2021
428,1KS1CCESH0110028,7/1/2021
429,1KS1CCESH0110029,7/1/2021
430,1KS1CCESH0110030,7/1/2021
431,1KS1CCESH0110031,7/1/2021
432,1KS1CCESH0110032,7/1/2021
433,1KS1CCESH0110033,7/1/2021
434,1KS1CCESH0110034,7/1/2021
435,1KS1CCESH0110035,7/1/2021
436,1KS1CCESH0110036,7/1/2021
437,1KS1CCESH0110037,7/1/2021
438,1KS1CCESH0110038,7/1/2021
439,1KS1CCESH0110039,7/1/2021
440,1KS1CCESH0110040,7/1/2021
441,1KS1CCESH0110041,7/1/2021
442,1KS1CCESH0110042,7/1/2021
443,1KS1CCESH0110043,7/1/2021
444,1KS1CCESH0110044,7/1/2021
445,1KS1CCESH0110045,7/1/2021
446,1KS1CCESH0110046,7/1/2021
447,1KS1CCESH0110047,7/1/2021
448,1KS1CCESH0110048,7/1/2021
449,1KS1CCESH0110049,7/1/2021
450,1KS1CCESH0110050,7/1/2021
451,1KS1CCESH0110051,7/1/2021
452,1KS1CCESH0110052,7/1/2021
453,1KS1CCESH0110053,7/1/2021
454,1KS1CCESH0110054,7/1/2021
455,1KS1CCESH0110055,7/1/2021
456,1KS1CCESH0110056,7/1/2021
457,1KS1CCESH0110057,7/1/2021
458,1KS1CCESH0110058,7/1/2021
459,1KS1CCESH0110059,7/1/2021
460,1KS1CCESH0110060,7/1/2021
461,1KS1CCESH0110061,7/1/2021
462,1KS1CCESH0110062,7/1/2021
463,1KS1CCESH0110063,7/1/2021
464,1KS1CCESH0110064,7/1/2021
465,1KS1CCESH0110065,7/1/2021
466,1KS1CCESH0110066,7/1/2021
467,1KS1CCESH0110067,7/1/2021
468,1KS1CCESH0110068,7/1/2021
469,1KS1CCESH0110069,7/1/2021
470,1KS1CCESH0110070,7/1/2021
471,1KS1CCESH0110071,7/1/2021
472,1KS1CCESH0110072,7/1/2021
473,1KS1CCESH0110073,7/1/2021
474,1KS1CCESH0110074,7/1/2021
475,1KS1CCESH0110075,7/1/2021
476,1KS1CCESH0110076,7/1/2021
477,1KS1CCESH0110077,7/1/2021
478,1KS1CCESH0110078,7/1/2021
479,1KS1CCESH0110079,7/1/2021
480,1KS1CCESH0110080,7/1/2021
481,1KS1CCESH0110081,7/1/2021
482,1KS1CCESH0110082,7/1/2021
483,1KS1CCESH0110083,7/1/2021
484,1KS1CCESH0110084,7/1/2021
485,1KS1CCESH0110085,7/1/2021
486,1KS1CCESH0110086,7/1/2021
487,1KS1CCESH0110087,7/1/2021
488,1KS1CCESH0110088,7/1/2021
489,1KS1CCESH0110089,7/1/2021
490,1KS1CCESH0110090,7/1/2021
491,1KS1CCESH0110091,7/1/2021
492,1KS1CCESH0110092,7/1/2021
493,1KS1CCESH0110093,7/1/2021
494,1KS1CCESH0110094,7/1/2021
495,1KS1CCESH0110095,7/1/2021
496,1KS1CCESH0110096,7/1/2021
497,1KS1CCESH0110097,7/1/2021
498,1KS1CCESH0110098,7/1/2021
499,1KS1CCESH0110099,7/1/2021
500,1KS1CCESH0110100,7/1/2021
501,1KS1CCESH0110101,7/1/2021
502,1KS1CCESH0110102,7/1/2021
503,1KS1CCESH0110103,7/1/2021
504,1KS1CCESH0110104,7/1/2021
505,1KS1CCESH0110105,7/1/2021
506,1KS1CCESH0110106,7/1/2021
507,1KS1CCESH0110107,7/1/2021
508,1KS1CCESH0110108,7/1/2021
509,1KS1CCESH0110109,7/1/2021
510,1KS1CCESH0110110,7/1/2021
511,1KS1CCESH0110111,7/1/2021
512,1KS1CCESH0110112,7/1/2021
513,1KS1CCESH0110113,7/1/2021
514,1KS1CCESH0110114,7/1/2021
515,1KS1CCESH0110115,7/1/2021
516,1KS1CCESH0110116,7/1/2021
517,1KS1CCESH0110117,7/1/2021
518,1KS1CCESH0110118,7/1/2021
519,1KS1CCESH0110119,7/1/2021
520,1KS1CCESH0110120,7/1/2021
521,1KS1CCESH0110121,7/1/2021
522,1KS1CCESH0110122,7/1/2021
523,1KS1CCESH0110123,7/1/2021
524,1KS1CCESH0110124,7/1/2021
525,1KS1CCESH0110125,7/1/2021
526,1KS1CCESH0110126,7/1/2021
527,1KS1CCESH0110127,7/1/2021
528,1KS1CCESH0110128,7/1/2021
529,1KS1CCESH0110129,7/1/2021
530,1KS1CCESH0110130,7/1/2021
531,1KS1CCESH0110131,7/1/2021
532,1KS1CCESH0110132,7/1/2021
533,1KS1CCESH0110133,7/1/2021
534,1KS1CCESH0110134,7/1/2021
535,1KS1CCESH0110135,7/1/2021
536,1KS1CCESH0110136,7/1/2021
537,1KS1CCESH0110137,7/1/2021
538,1KS1CCESH0110138,7/1/2021
539,1KS1CCESH0110139,7/1/2021
540,1KS1CCESH0110140,7/1/2021
541,1KS1CCESH0110141,7/1/2021
542,1KS1CCESH0110142,7/1/2021
543,1KS1CCESH0110143,7/1/2021
544,1KS1CCESH0110144,7/1/2021
545,1KS1CCESH0110145,7/1/2021
546,1KS1CCESH0110146,7/1/2021
547,1KS1CCESH0110147,7/1/2021
548,1KS1CCESH0110148,7/1/2021
549,1KS1CCESH0110149,7/1/2021
550,1KS1CCESH0110150,7/1/2021
551,1KS1CSITH0470001,12/1/2021
552,1KS1CSITH0470002,12/1/2021
553,1KS1CSITH0470003,12/1/2021
554,1KS1CSITH0470004,12/1/2021
555,1KS1CSITH0470005,12/1/2021
556,1KS1CSITH0470006,12/1/2021
557,1KS1CSITH0470007,12/1/2021
558,1KS1CSITH0470008,12/1/2021
559,1KS1CSITH0470009,12/1/2021
560,1KS1CSITH0470010,12/1/2021
561,1KS1CSITH0470011,12/1/2021
562,1KS1CSITH0470012,12/1/2021
563,1KS1CSITH0470013,12/1/2021
564,1KS1CSITH0470014,12/1/2021
565,1KS1CSITH0470015,12/1/2021
566,1KS1CSITH0470016,12/1/2021
567,1KS1CSITH0470017,12/1/2021
568,1KS1CSITH0470018,12/1/2021
569,1KS1CSITH0470019,12/1/2021
570,1KS1CSITH0470020,12/1/2021
571,1KS1CSITH0470021,12/1/2021
572,1KS1CSITH0470022,12/1/2021
573,1KS1CSITH0470023,12/1/2021
574,1KS1CSITH0470024,12/1/2021
575,1KS1CSITH0470025,12/1/2021
576,1KS1CSITH0470026,12/1/2021
577,1KS1CSITH0470027,12/1/2021
578,1KS1CSITH0470028,12/1/2021
579,1KS1CSITH0470029,12/1/2021
580,1KS1CSITH0470030,12/1/2021
581,1KS1CSITH0470031,12/1/2021
582,1KS1CSITH0470032,12/1/2021
583,1KS1CSITH0470033,12/1/2021
584,1KS1CSITH0470034,12/1/2021
585,1KS1CSITH0470035,12/1/2021
586,1KS1CSITH0470036,12/1/2021
587,1KS1CSITH0470037,12/1/2021
588,1KS1CSITH0470038,12/1/2021
589,1KS1CSITH0470039,12/1/2021
590,1KS1CSITH0470040,12/1/2021
591,1KS1CSITH0470041,12/1/2021
592,1KS1CSITH0470042,12/1/2021
593,1KS1CSITH0470043,12/1/2021
594,1KS1CSITH0470044,12/1/2021
595,1KS1CSITH0470045,12/1/2021
596,1KS1CSITH0470046,12/1/2021
597,1KS1CSITH0470047,12/1/2021
598,1KS1CSITH0470048,12/1/2021
599,1KS1CSITH0470049,12/1/2021
600,1KS1CSITH0470050,12/1/2021
601,1KS1CSITH0470051,12/1/2021
602,1KS1CSITH0470052,12/1/2021
603,1KS1CSITH0470053,12/1/2021
604,1KS1CSITH0470054,12/1/2021
605,1KS1CSITH0470055,12/1/2021
606,1KS1CSITH0470056,12/1/2021
607,1KS1CSITH0470057,12/1/2021
608,1KS1CSITH0470058,12/1/2021
609,1KS1CSITH0470059,12/1/2021
610,1KS1CSITH0470060,12/1/2021
611,1KS1CSITH0470061,12/1/2021
612,1KS1CSITH0470062,12/1/2021
613,1KS1CSITH0470063,12/1/2021
614,1KS1CSITH0470064,12/1/2021
615,1KS1CSITH0470065,12/1/2021
616,1KS1CSITH0470066,12/1/2021
617,1KS1CSITH0470067,12/1/2021
618,1KS1CSITH0470068,12/1/2021
619,1KS1CSITH0470069,12/1/2021
620,1KS1CSITH0470070,12/1/2021
621,1KS1CSITH0470071,12/1/2021
622,1KS1CSITH0470072,12/1/2021
623,1KS1CSITH0470073,12/1/2021
624,1KS1CSITH0470074,12/1/2021
625,1KS1CSITH0470075,12/1/2021
626,1KS1CSITH0470076,12/1/2021
627,1KS1CSITH0470077,12/1/2021
628,1KS1CSITH0470078,12/1/2021
629,1KS1CSITH0470079,12/1/2021
630,1KS1CSITH0470080,12/1/2021
631,1KS1CSITH0470081,12/1/2021
632,1KS1CSITH0470082,12/1/2021
633,1KS1CSITH0470083,12/1/2021
634,1KS1CSITH0470084,12/1/2021
635,1KS1CSITH0470085,12/1/2021
636,1KS1CSITH0470086,12/1/2021
637,1KS1CSITH0470087,12/1/2021
638,1KS1CSITH0470088,12/1/2021
639,1KS1CSITH0470089,12/1/2021
640,1KS1CSITH0470090,12/1/2021
641,1KS1CSITH0470091,12/1/2021
642,1KS1CSITH0470092,12/1/2021
643,1KS1CSITH0470093,12/1/2021
644,1KS1CSITH0470094,12/1/2021
645,1KS1CSITH0470095,12/1/2021
646,1KS1CSITH0470096,12/1/2021
647,1KS1CSITH0470097,12/1/2021
648,1KS1CSITH0470098,12/1/2021
649,1KS1CSITH0470099,12/1/2021
650,1KS1CSITH0470100,12/1/2021
651,1KS1CSITH0470101,12/1/2021
652,1KS1CSITH0470102,12/1/2021
653,1KS1CSITH0470103,12/1/2021
654,1KS1CSITH0470104,12/1/2021
655,1KS1CSITH0470105,12/1/2021
656,1KS1CSITH0470106,12/1/2021
657,1KS1CSITH0470107,12/1/2021
658,1KS1CSITH0470108,12/1/2021
659,1KS1CSITH0470109,12/1/2021
660,1KS1CSITH0470110,12/1/2021
661,1KS1CSITH0470111,12/1/2021
662,1KS1CSITH0470112,12/1/2021
663,1KS1CSITH0470113,12/1/2021
664,1KS1CSITH0470114,12/1/2021
665,1KS1CSITH0470115,12/1/2021
666,1KS1CSITH0470116,12/1/2021
667,1KS1CSITH0470117,12/1/2021
668,1KS1CSITH0470118,12/1/2021
669,1KS1CSITH0470119,12/1/2021
670,1KS1CSITH0470120,12/1/2021
671,1KS1CSITH0470121,12/1/2021
672,1KS1CSITH0470122,12/1/2021
673,1KS1CSITH0470123,12/1/2021
674,1KS1CSITH0470124,12/1/2021
675,1KS1CSITH0470125,12/1/2021
676,1KS1CSITH0470126,12/1/2021
677,1KS1CSITH0470127,12/1/2021
678,1KS1CSITH0470128,12/1/2021
679,1KS1CSITH0470129,12/1/2021
680,1KS1CSITH0470130,12/1/2021
681,1KS1CSITH0470131,12/1/2021
682,1KS1CSITH0470132,12/1/2021
683,1KS1CSITH0470133,12/1/2021
684,1KS1CSITH0470134,12/1/2021
685,1KS1CSITH0470135,12/1/2021
686,1KS1CSITH0470136,12/1/2021
687,1KS1CSITH0470137,12/1/2021
688,1KS1CSITH0470138,12/1/2021
689,1KS1CSITH0470139,12/1/2021
690,1KS1CSITH0470140,12/1/2021
691,1KS1CSITH0470141,12/1/2021
692,1KS1CSITH0470142,12/1/2021
693,1KS1CSITH0470143,12/1/2021
694,1KS1CSITH0470144,12/1/2021
695,1KS1CSITH0470145,12/1/2021
696,1KS1CSITH0470146,12/1/2021
697,1KS1CSITH0470147,12/1/2021
698,1KS1CSITH0470148,12/1/2021
699,1KS1CSITH0470149,12/1/2021
700,1KS1CSITH0470150,12/1/2021
701,1KS1CSITH0470151,12/1/2021
702,1KS1CSITH0470152,12/1/2021
703,1KS1CSITH0470153,12/1/2021
704,1KS1CSITH0470154,12/1/2021
705,1KS1CSITH0470155,12/1/2021
706,1KS1CSITH0470156,12/1/2021
707,1KS1CSITH0470157,12/1/2021
708,1KS1CSITH0470158,12/1/2021
709,1KS1CSITH0470159,12/1/2021
710,1KS1CSITH0470160,12/1/2021
711,1KS1CSITH0470161,12/1/2021
712,1KS1CSITH0470162,12/1/2021
713,1KS1CSITH0470163,12/1/2021
714,1KS1CSITH0470164,12/1/2021
715,1KS1CSITH0470165,12/1/2021
716,1KS1CSITH0470166,12/1/2021
717,1KS1CSITH0470167,12/1/2021
718,1KS1CSITH0470168,12/1/2021
719,1KS1CSITH0470169,12/1/2021
720,1KS1CSITH0470170,12/1/2021
721,1KS1CSITH0470171,12/1/2021
722,1KS1CSITH0470172,12/1/2021
723,1KS1CSITH0470173,12/1/2021
724,1KS1CSITH0470174,12/1/2021
725,1KS1CSITH0470175,12/1/2021
726,1KS1CSITH0470176,12/1/2021
727,1KS1CSITH0470177,12/1/2021
728,1KS1CSITH0470178,12/1/2021
729,1KS1CSITH0470179,12/1/2021
730,1KS1CSITH0470180,12/1/2021
731,1KS1CSITH0470181,12/1/2021
732,1KS1CSITH0470182,12/1/2021
733,1KS1CSITH0470183,12/1/2021
734,1KS1CSITH0470184,12/1/2021
735,1KS1CSITH0470185,12/1/2021
736,1KS1CSITH0470186,12/1/2021
737,1KS1CSITH0470187,12/1/2021
738,1KS1CSITH0470188,12/1/2021
739,1KS1CSITH0470189,12/1/2021
740,1KS1CSITH0470190,12/1/2021
741,1KS1CSITH0470191,12/1/2021
742,1KS1CSITH0470192,12/1/2021
743,1KS1CSITH0470193,12/1/2021
744,1KS1CSITH0470194,12/1/2021
745,1KS1CSITH0470195,12/1/2021
746,1KS1CSITH0470196,12/1/2021
747,1KS1CSITH0470197,12/1/2021
748,1KS1CSITH0470198,12/1/2021
749,1KS1CSITH0470199,12/1/2021
750,1KS1CSITH0470200,12/1/2021
751,1KS1CSITH0470201,12/1/2021
752,1KS1CSITH0470202,12/1/2021
753,1KS1CSITH0470203,12/1/2021
754,1KS1CSITH0470204,12/1/2021
755,1KS1CSITH0470205,12/1/2021
756,1KS1CSITH0470206,12/1/2021
757,1KS1CSITH0470207,12/1/2021
758,1KS1CSITH0470208,12/1/2021
759,1KS1CSITH0470209,12/1/2021
760,1KS1CSITH0470210,12/1/2021
761,1KS1CSITH0470211,12/1/2021
762,1KS1CSITH0470212,12/1/2021
763,1KS1CSITH0470213,12/1/2021
764,1KS1CSITH0470214,12/1/2021
765,1KS1CSITH0470215,12/1/2021
766,1KS1CSITH0470216,12/1/2021
767,1KS1CSITH0470217,12/1/2021
768,1KS1CSITH0470218,12/1/2021
769,1KS1CSITH0470219,12/1/2021
770,1KS1CSITH0470220,12/1/2021
771,1KS1CSITH0470221,12/1/2021
772,1KS1CSITH0470222,12/1/2021
773,1KS1CSITH0470223,12/1/2021
774,1KS1CSITH0470224,12/1/2021
775,1KS1CSITH0470225,12/1/2021
776,1KS1CSITH0470226,12/1/2021
777,1KS1CSITH0470227,12/1/2021
778,1KS1CSITH0470228,12/1/2021
779,1KS1CSITH0470229,12/1/2021
780,1KS1CSITH0470230,12/1/2021
781,1KS1CSITH0470231,12/1/2021
782,1KS1CSITH0470232,12/1/2021
783,1KS1CSITH0470233,12/1/2021
784,1KS1CSITH0470234,12/1/2021
785,1KS1CSITH0470235,12/1/2021
786,1KS1CSITH0470236,12/1/2021
787,1KS1CSITH0470237,12/1/2021
788,1KS1CSITH0470238,12/1/2021
789,1KS1CSITH0470239,12/1/2021
790,1KS1CSITH0470240,12/1/2021
791,1KS1CSITH0470241,12/1/2021
792,1KS1CSITH0470242,12/1/2021
793,1KS1CSITH0470243,12/1/2021
794,1KS1CSITH0470244,12/1/2021
795,1KS1CSITH0470245,12/1/2021
796,1KS1CSITH0470246,12/1/2021
797,1KS1CSITH0470247,12/1/2021
798,1KS1CSITH0470248,12/1/2021
799,1KS1CSITH0470249,12/1/2021
800,1KS1CSITH0470250,12/1/2021
801,1KS1CSITH0470251,12/1/2021
802,1KS1CSITH0470252,12/1/2021
803,1KS1CSITH0470253,12/1/2021
804,1KS1CSITH0470254,12/1/2021
805,1KS1CSITH0470255,12/1/2021
806,1KS1CSITH0470256,12/1/2021
807,1KS1CSITH0470257,12/1/2021
808,1KS1CSITH0470258,12/1/2021
809,1KS1CSITH0470259,12/1/2021
810,1KS1CSITH0470260,12/1/2021
811,1KS1CSITH0470261,12/1/2021
812,1KS1CSITH0470262,12/1/2021
813,1KS1CSITH0470263,12/1/2021
814,1KS1CSITH0470264,12/1/2021
815,1KS1CSITH0470265,12/1/2021
816,1KS1CSITH0470266,12/1/2021
817,1KS1CSITH0470267,12/1/2021
818,1KS1CSITH0470268,12/1/2021
819,1KS1CSITH0470269,12/1/2021
820,1KS1CSITH0470270,12/1/2021
821,1KS1CSITH0470271,12/1/2021
822,1KS1CSITH0470272,12/1/2021
823,1KS1CSITH0470273,12/1/2021
824,1KS1CSITH0470274,12/1/2021
825,1KS1CSITH0470275,12/1/2021
826,1KS1CSITH0470276,12/1/2021
827,1KS1CSITH0470277,12/1/2021
828,1KS1CSITH0470278,12/1/2021
829,1KS1CSITH0470279,12/1/2021
830,1KS1CSITH0470280,12/1/2021
831,1KS1CSITH0470281,12/1/2021
832,1KS1CSITH0470282,12/1/2021
833,1KS1CSITH0470283,12/1/2021
834,1KS1CSITH0470284,12/1/2021
835,1KS1CSITH0470285,12/1/2021
836,1KS1CSITH0470286,12/1/2021
837,1KS1CSITH0470287,12/1/2021
838,1KS1CSITH0470288,12/1/2021
839,1KS1CSITH0470289,12/1/2021
840,1KS1CSITH0470290,12/1/2021
841,1KS1CSITH0470291,12/1/2021
842,1KS1CSITH0470292,12/1/2021
843,1KS1CSITH0470293,12/1/2021
844,1KS1CSITH0470294,12/1/2021
845,1KS1CSITH0470295,12/1/2021
846,1KS1CSITH0470296,12/1/2021
847,1KS1CSITH0470297,12/1/2021
848,1KS1CSITH0470298,12/1/2021
849,1KS1CSITH0470299,12/1/2021
850,1KS1CSITH0470300,12/1/2021
851,1KS1CSITH0470301,12/1/2021
852,1KS1CSITH0470302,12/1/2021
853,1KS1CSITH0470303,12/1/2021
854,1KS1CSITH0470304,12/1/2021
855,1KS1CSITH0470305,12/1/2021
856,1KS1CSITH0470306,12/1/2021
857,1KS1CSITH0470307,12/1/2021
858,1KS1CSITH0470308,12/1/2021
859,1KS1CSITH0470309,12/1/2021
860,1KS1CSITH0470310,12/1/2021
861,1KS1CSITH0470311,12/1/2021
862,1KS1CSITH0470312,12/1/2021
863,1KS1CSITH0470313,12/1/2021
864,1KS1CSITH0470314,12/1/2021
865,1KS1CSITH0470315,12/1/2021
866,1KS1CSITH0470316,12/1/2021
867,1KS1CSITH0470317,12/1/2021
868,1KS1CSITH0470318,12/1/2021
869,1KS1CSITH0470319,12/1/2021
870,1KS1CSITH0470320,12/1/2021
871,1KS1CSITH0470321,12/1/2021
872,1KS1CSITH0470322,12/1/2021
873,1KS1CSITH0470323,12/1/2021
874,1KS1CSITH0470324,12/1/2021
875,1KS1CSITH0470325,12/1/2021
876,1KS1CSITH0470326,12/1/2021
877,1KS1CSITH0470327,12/1/2021
878,1KS1CSITH0470328,12/1/2021
879,1KS1CSITH0470329,12/1/2021
880,1KS1CSITH0470330,12/1/2021
881,1KS1CSITH0470331,12/1/2021
882,1KS1CSITH0470332,12/1/2021
883,1KS1CSITH0470333,12/1/2021
884,1KS1CSITH0470334,12/1/2021
885,1KS1CSITH0470335,12/1/2021
886,1KS1CSITH0470336,12/1/2021
887,1KS1CSITH0470337,12/1/2021
888,1KS1CSITH0470338,12/1/2021
889,1KS1CSITH0470339,12/1/2021
890,1KS1CSITH0470340,12/1/2021
891,1KS1CSITH0470341,12/1/2021
892,1KS1CSITH0470342,12/1/2021
893,1KS1CSITH0470343,12/1/2021
894,1KS1CSITH0470344,12/1/2021
895,1KS1CSITH0470345,12/1/2021
896,1KS1CSITH0470346,12/1/2021
897,1KS1CSITH0470347,12/1/2021
898,1KS1CSITH0470348,12/1/2021
899,1KS1CSITH0470349,12/1/2021
900,1KS1CSITH0470350,12/1/2021
901,1KS1CSITH0470351,12/1/2021
902,1KS1CSITH0470352,12/1/2021
903,1KS1CSITH0470353,12/1/2021
904,1KS1CSITH0470354,12/1/2021
905,1KS1CSITH0470355,12/1/2021
906,1KS1CSITH0470356,12/1/2021
907,1KS1CSITH0470357,12/1/2021
908,1KS1CSITH0470358,12/1/2021
909,1KS1CSITH0470359,12/1/2021
910,1KS1CSITH0470360,12/1/2021
911,1KS1CCESI0350001,10/1/2022
912,1KS1CCESI0350002,10/1/2022
913,1KS1CCESI0350003,10/1/2022
914,1KS1CCESI0350004,10/1/2022
915,1KS1CCESI0350005,10/1/2022
916,1KS1CCESI0350006,10/1/2022
917,1KS1CCESI0350007,10/1/2022
918,1KS1CCESI0350008,10/1/2022
919,1KS1CCESI0350009,10/1/2022
920,1KS1CCESI0350010,10/1/2022
921,1KS1CCESI0350011,10/1/2022
922,1KS1CCESI0350012,10/1/2022
923,1KS1CCESI0350013,10/1/2022
924,1KS1CCESI0350014,10/1/2022
925,1KS1CCESI0350015,10/1/2022
926,1KS1CCESI0350016,10/1/2022
927,1KS1CCESI0350017,10/1/2022
928,1KS1CCESI0350018,10/1/2022
929,1KS1CCESI0350019,10/1/2022
930,1KS1CCESI0350020,10/1/2022
931,1KS1CCESI0350021,10/1/2022
932,1KS1CCESI0350022,10/1/2022
933,1KS1CCESI0350023,10/1/2022
934,1KS1CCESI0350024,10/1/2022
935,1KS1CCESI0350025,10/1/2022
936,1KS1CCESI0350026,10/1/2022
937,1KS1CCESI0350027,10/1/2022
938,1KS1CCESI0350028,10/1/2022
939,1KS1CCESI0350029,10/1/2022
940,1KS1CCESI0350030,10/1/2022
941,1KS1CCESI0350031,10/1/2022
942,1KS1CCESI0350032,10/1/2022
943,1KS1CCESI0350033,10/1/2022
944,1KS1CCESI0350034,10/1/2022
945,1KS1CCESI0350035,10/1/2022
946,1KS1CCESI0350036,10/1/2022
947,1KS1CCESI0350037,10/1/2022
948,1KS1CCESI0350038,10/1/2022
949,1KS1CCESI0350039,10/1/2022
950,1KS1CCESI0350040,10/1/2022
951,1KS1CCESI0350041,10/1/2022
952,1KS1CCESI0350042,10/1/2022
953,1KS1CCESI0350043,10/1/2022
954,1KS1CCESI0350044,10/1/2022
955,1KS1CCESI0350045,10/1/2022
956,1KS1CCESI0350046,10/1/2022
957,1KS1CCESI0350047,10/1/2022
958,1KS1CCESI0350048,10/1/2022
959,1KS1CCESI0350049,10/1/2022
960,1KS1CCESI0350050,10/1/2022
961,1KS1CCESI0350051,10/1/2022
962,1KS1CCESI0350052,10/1/2022
963,1KS1CCESI0350053,10/1/2022
964,1KS1CCESI0350054,10/1/2022
965,1KS1CCESI0350055,10/1/2022
966,1KS1CCESI0350056,10/1/2022
967,1KS1CCESI0350057,10/1/2022
968,1KS1CCESI0350058,10/1/2022
969,1KS1CCESI0350059,10/1/2022
970,1KS1CCESI0350060,10/1/2022
971,1KS1CCESI0350061,10/1/2022
972,1KS1CCESI0350062,10/1/2022
973,1KS1CCESI0350063,10/1/2022
974,1KS1CCESI0350064,10/1/2022
975,1KS1CCESI0350065,10/1/2022
976,1KS1CCESI0350066,10/1/2022
977,1KS1CCESI0350067,10/1/2022
978,1KS1CCESI0350068,10/1/2022
979,1KS1CCESI0350069,10/1/2022
980,1KS1CCESI0350070,10/1/2022
981,1KS1CCESI0350071,10/1/2022
982,1KS1CCESI0350072,10/1/2022
983,1KS1CCESI0350073,10/1/2022
984,1KS1CCESI0350074,10/1/2022
985,1KS1CCESI0350075,10/1/2022
986,1KS1CCESI0350076,10/1/2022
987,1KS1CCESI0350077,10/1/2022
988,1KS1CCESI0350078,10/1/2022
989,1KS1CCESI0350079,10/1/2022
990,1KS1CCESI0350080,10/1/2022
991,1KS1CCESI0350081,10/1/2022
992,1KS1CCESI0350082,10/1/2022
993,1KS1CCESI0350083,10/1/2022
994,1KS1CCESI0350084,10/1/2022
995,1KS1CCESI0350085,10/1/2022
996,1KS1CCESI0350086,10/1/2022
997,1KS1CCESI0350087,10/1/2022
998,1KS1CCESI0350088,10/1/2022
999,1KS1CCESI0350089,10/1/2022
1000,1KS1CCESI0350090,10/1/2022
1001,1KS1CCESI0350091,10/1/2022
1002,1KS1CCESI0350092,10/1/2022
1003,1KS1CCESI0350093,10/1/2022
1004,1KS1CCESI0350094,10/1/2022
1005,1KS1CCESI0350095,10/1/2022
1006,1KS1CCESI0350096,10/1/2022
1007,1KS1CCESI0350097,10/1/2022
1008,1KS1CCESI0350098,10/1/2022
1009,1KS1CCESI0350099,10/1/2022
1010,1KS1CCESI0350100,10/1/2022
1011,1KS1CCESI0350101,10/1/2022
1012,1KS1CCESI0350102,10/1/2022
1013,1KS1CCESI0350103,10/1/2022
1014,1KS1CCESI0350104,10/1/2022
1015,1KS1CCESI0350105,10/1/2022
1016,1KS1CCESI0350106,10/1/2022
1017,1KS1CCESI0350107,10/1/2022
1018,1KS1CCESI0350108,10/1/2022
1019,1KS1CCESI0350109,10/1/2022
1020,1KS1CCESI0350110,10/1/2022
1021,1KS1CCESI0350111,10/1/2022
1022,1KS1CCESI0350112,10/1/2022
1023,1KS1CCESI0350113,10/1/2022
1024,1KS1CCESI0350114,10/1/2022
1025,1KS1CCESI0350115,10/1/2022
1026,1KS1CCESI0350116,10/1/2022
1027,1KS1CCESI0350117,10/1/2022
1028,1KS1CCESI0350118,10/1/2022
1029,1KS1CCESI0350119,10/1/2022
1030,1KS1CCESI0350120,10/1/2022
1031,1KS1CCESI0350121,10/1/2022
1032,1KS1CCESI0350122,10/1/2022
1033,1KS1CCESI0350123,10/1/2022
1034,1KS1CCESI0350124,10/1/2022
1035,1KS1CCESI0350125,10/1/2022
1036,1KS1CCESI0350126,10/1/2022
1037,1KS1CCESI0350127,10/1/2022
1038,1KS1CCESI0350128,10/1/2022
1039,1KS1CCESI0350129,10/1/2022
1040,1KS1CCESI0350130,10/1/2022
1041,1KS1CCESI0350131,10/1/2022
1042,1KS1CCESI0350132,10/1/2022
1043,1KS1CCESI0350133,10/1/2022
1044,1KS1CCESI0350134,10/1/2022
1045,1KS1CCESI0350135,10/1/2022
1046,1KS1CCESI0350136,10/1/2022
1047,1KS1CCESI0350137,10/1/2022
1048,1KS1CCESI0350138,10/1/2022
1049,1KS1CCESI0350139,10/1/2022
1050,1KS1CCESI0350140,10/1/2022
1051,1KS1CCESI0350141,10/1/2022
1052,1KS1CCESI0350142,10/1/2022
1053,1KS1CCESI0350143,10/1/2022
1054,1KS1CCESI0350144,10/1/2022
1055,1KS1CCESI0350145,10/1/2022
1056,1KS1CCESI0350146,10/1/2022
1057,1KS1CCESI0350147,10/1/2022
1058,1KS1CCESI0350148,10/1/2022
1059,1KS1CCESI0350149,10/1/2022
1060,1KS1CCESI0350150,10/1/2022
1061,1KS1CCESI0350151,10/1/2022
1062,1KS1CCESI0350152,10/1/2022
1063,1KS1CCESI0350153,10/1/2022
1064,1KS1CCESI0350154,10/1/2022
1065,1KS1CCESI0350155,10/1/2022
1066,1KS1CCESI0350156,10/1/2022
1067,1KS1CCESI0350157,10/1/2022
1068,1KS1CCESI0350158,10/1/2022
1069,1KS1CCESI0350159,10/1/2022
1070,1KS1CCESI0350160,10/1/2022
1071,1KS1CCESI0350161,10/1/2022
1072,1KS1CCESI0350162,10/1/2022
1073,1KS1CCESI0350163,10/1/2022
1074,1KS1CCESI0350164,10/1/2022
1075,1KS1CCESI0350165,10/1/2022
1076,1KS1CCESI0350166,10/1/2022
1077,1KS1CCESI0350167,10/1/2022
1078,1KS1CCESI0350168,10/1/2022
1079,1KS1CCESI0350169,10/1/2022
1080,1KS1CCESI0350170,10/1/2022
1081,1KS1CCESI0350171,10/1/2022
1082,1KS1CCESI0350172,10/1/2022
1083,1KS1CCESI0350173,10/1/2022
1084,1KS1CCESI0350174,10/1/2022
1085,1KS1CCESI0350175,10/1/2022
1086,1KS1CCESI0350176,10/1/2022
1087,1KS1CCESI0350177,10/1/2022
1088,1KS1CCESI0350178,10/1/2022
1089,1KS1CCESI0350179,10/1/2022
1090,1KS1CCESI0350180,10/1/2022
1091,1KS1CCESI0350181,10/1/2022
1092,1KS1CCESI0350182,10/1/2022
1093,1KS1CCESI0350183,10/1/2022
1094,1KS1CCESI0350184,10/1/2022
1095,1KS1CCESI0350185,10/1/2022
1096,1KS1CCESI0350186,10/1/2022
1097,1KS1CCESI0350187,10/1/2022
1098,1KS1CCESI0350188,10/1/2022
1099,1KS1CCESI0350189,10/1/2022
1100,1KS1CCESI0350190,10/1/2022
1101,1KS1CCESI0350191,10/1/2022
1102,1KS1CCESI0350192,10/1/2022
1103,1KS1CCESI0350193,10/1/2022
1104,1KS1CCESI0350194,10/1/2022
1105,1KS1CCESI0350195,10/1/2022
1106,1KS1CCESI0350196,10/1/2022
1107,1KS1CCESI0350197,10/1/2022
1108,1KS1CCESI0350198,10/1/2022
1109,1KS1CCESI0350199,10/1/2022
1110,1KS1CCESI0350200,10/1/2022
1111,1KS1CCESI0350201,10/1/2022
1112,1KS1CCESI0350202,10/1/2022
1113,1KS1CCESI0350203,10/1/2022
1114,1KS1CCESI0350204,10/1/2022
1115,1KS1CCESI0350205,10/1/2022
1116,1KS1CCESI0350206,10/1/2022
1117,1KS1CCESI0350207,10/1/2022
1118,1KS1CCESI0350208,10/1/2022
1119,1KS1CCESI0350209,10/1/2022
1120,1KS1CCESI0350210,10/1/2022
1121,1KS1CCESI0350211,10/1/2022
1122,1KS1CCESI0350212,10/1/2022
1123,1KS1CCESI0350213,10/1/2022
1124,1KS1CCESI0350214,10/1/2022
1125,1KS1CCESI0350215,10/1/2022
1126,1KS1CCESI0350216,10/1/2022
1127,1KS1CCESI0350217,10/1/2022
1128,1KS1CCESI0350218,10/1/2022
1129,1KS1CCESI0350219,10/1/2022
1130,1KS1CCESI0350220,10/1/2022
1131,1KS1CCESI0350221,10/1/2022
1132,1KS1CCESI0350222,10/1/2022
1133,1KS1CCESI0350223,10/1/2022
1134,1KS1CCESI0350224,10/1/2022
1135,1KS1CCESI0350225,10/1/2022
1136,1KS1CCESI0350226,10/1/2022
1137,1KS1CCESI0350227,10/1/2022
1138,1KS1CCESI0350228,10/1/2022
1139,1KS1CCESI0350229,10/1/2022
1140,1KS1CCESI0350230,10/1/2022
1141,1KS1CCESI0350231,10/1/2022
1142,1KS1CCESI0350232,10/1/2022
1143,1KS1CCESI0350233,10/1/2022
1144,1KS1CCESI0350234,10/1/2022
1145,1KS1CCESI0350235,10/1/2022
1146,1KS1CCESI0350236,10/1/2022
1147,1KS1CCESI0350237,10/1/2022
1148,1KS1CCESI0350238,10/1/2022
1149,1KS1CCESI0350239,10/1/2022
1150,1KS1CCESI0350240,10/1/2022
1151,03KWS1CNB0001,11/18/2022
1152,03KWS1CNB0002,11/18/2022
1153,03KWS1CNB0003,11/18/2022
1154,03KWS1CNB0004,11/18/2022
1155,03KWS1CNB0005,11/18/2022
1156,03KWS1CNB0006,11/18/2022
1157,03KWS1CNB0007,11/18/2022
1158,03KWS1CNB0008,11/18/2022
1159,03KWS1CNB0009,11/18/2022
1160,03KWS1CNB0010,11/18/2022
1161,03KWS1CNB0011,11/18/2022
1162,03KWS1CNB0012,11/18/2022
1163,03KWS1CNB0013,11/18/2022
1164,03KWS1CNB0014,11/18/2022
1165,03KWS1CNB0015,11/18/2022
1166,03KWS1CNB0016,11/18/2022
1167,03KWS1CNB0017,11/18/2022
1168,03KWS1CNB0018,11/18/2022
1169,03KWS1CNB0019,11/18/2022
1170,03KWS1CNB0020,11/18/2022
1171,03KWS1CNB0021,11/18/2022
1172,03KWS1CNB0022,11/18/2022
1173,03KWS1CNB0023,11/18/2022
1174,03KWS1CNB0024,11/18/2022
1175,03KWS1CNB0025,11/18/2022
1176,03KWS1CNB0026,11/18/2022
1177,03KWS1CNB0027,11/18/2022
1178,03KWS1CNB0028,11/18/2022
1179,03KWS1CNB0029,11/18/2022
1180,03KWS1CNB0030,11/18/2022
1181,03KWS1CNB0031,11/18/2022
1182,03KWS1CNB0032,11/18/2022
1183,03KWS1CNB0033,11/18/2022
1184,03KWS1CNB0034,11/18/2022
1185,03KWS1CNB0035,11/18/2022
1186,03KWS1CNB0036,11/18/2022
1187,03KWS1CNB0037,11/18/2022
1188,03KWS1CNB0038,11/18/2022
1189,03KWS1CNB0039,11/18/2022
1190,03KWS1CNB0040,11/18/2022
1191,03KWS1CNB0041,11/18/2022
1192,03KWS1CNB0042,11/18/2022
1193,03KWS1CNB0043,11/18/2022
1194,03KWS1CNB0044,11/18/2022
1195,03KWS1CNB0045,11/18/2022
1196,03KWS1CNB0046,11/18/2022
1197,03KWS1CNB0047,11/18/2022
1198,03KWS1CNB0048,11/18/2022
1199,03KWS1CNB0049,11/18/2022
1200,03KWS1CNB0050,11/18/2022
1201,03KWS1CNB0051,11/18/2022
1202,03KWS1CNB0052,11/18/2022
1203,03KWS1CNB0053,11/18/2022
1204,03KWS1CNB0054,11/18/2022
1205,03KWS1CNB0055,11/18/2022
1206,03KWS1CNB0056,11/18/2022
1207,03KWS1CNB0057,11/18/2022
1208,03KWS1CNB0058,11/18/2022
1209,03KWS1CNB0059,11/18/2022
1210,03KWS1CNB0060,11/18/2022
1211,03KWS1CNB0061,11/18/2022
1212,03KWS1CNB0062,11/18/2022
1213,03KWS1CNB0063,11/18/2022
1214,03KWS1CNB0064,11/18/2022
1215,03KWS1CNB0065,11/18/2022
1216,03KWS1CNB0066,11/18/2022
1217,03KWS1CNB0067,11/18/2022
1218,03KWS1CNB0068,11/18/2022
1219,03KWS1CNB0069,11/18/2022
1220,03KWS1CNB0070,11/18/2022
1221,03KWS1CNB0071,11/18/2022
1222,03KWS1CNB0072,11/18/2022
1223,03KWS1CNB0073,11/18/2022
1224,03KWS1CNB0074,11/18/2022
1225,03KWS1CNB0075,11/18/2022
1226,03KWS1CNB0076,11/18/2022
1227,03KWS1CNB0077,11/18/2022
1228,03KWS1CNB0078,11/18/2022
1229,03KWS1CNB0079,11/18/2022
1230,03KWS1CNB0081,11/18/2022
1231,03KWS1CNB0082,11/18/2022
1232,03KWS1CNB0083,11/18/2022
1233,03KWS1CNB0084,11/18/2022
1234,03KWS1CNB0085,11/18/2022
1235,03KWS1CNB0086,11/18/2022
1236,03KWS1CNB0087,11/18/2022
1237,03KWS1CNB0088,11/18/2022
1238,03KWS1CNB0089,11/18/2022
1239,03KWS1CNB0090,11/18/2022
1240,03KWS1CNB0091,11/18/2022
1241,03KWS1CNB0092,11/18/2022
1242,03KWS1CNB0093,11/18/2022
1243,03KWS1CNB0094,11/18/2022
1244,03KWS1CNB0095,11/18/2022
1245,03KWS1CNB0096,11/18/2022
1246,03KWS1CNB0097,11/18/2022
1247,03KWS1CNB0098,11/18/2022
1248,03KWS1CNB0099,11/18/2022
1249,03KWS1CNB0100,11/18/2022
1250,03KWS1CNB0101,11/18/2022
1251,03KWS1CNB0102,11/18/2022
1252,03KWS1CNB0103,11/18/2022
1253,03KWS1CNB0104,11/18/2022
1254,03KWS1CNB0105,11/18/2022
1255,03KWS1CNB0106,11/18/2022
1256,03KWS1CNB0107,11/18/2022
1257,03KWS1CNB0108,11/18/2022
1258,03KWS1CNB0109,11/18/2022
1259,03KWS1CNB0110,11/18/2022
1260,03KWS1CNB0111,11/18/2022
1261,03KWS1CNB0112,11/18/2022
1262,03KWS1CNB0113,11/18/2022
1263,03KWS1CNB0114,11/18/2022
1264,03KWS1CNB0115,11/18/2022
1265,03KWS1CNB0116,11/18/2022
1266,03KWS1CNB0117,11/18/2022
1267,03KWS1CNB0118,11/18/2022
1268,03KWS1CNB0119,11/18/2022
1269,03KWS1CNB0120,11/18/2022
1270,03KWS1CNB0121,11/18/2022
1271,03KWS1CNB0122,11/18/2022
1272,03KWS1CNB0123,11/18/2022
1273,03KWS1CNB0124,11/18/2022
1274,03KWS1CNB0125,11/18/2022
1275,03KWS1CNB0126,11/18/2022
1276,03KWS1CNB0127,11/18/2022
1277,03KWS1CNB0128,11/18/2022
1278,03KWS1CNB0129,11/18/2022
1279,03KWS1CNB0130,11/18/2022
1280,03KWS1CNB0131,11/18/2022
1281,03KWS1CNB0132,11/18/2022
1282,03KWS1CNB0133,11/18/2022
1283,03KWS1CNB0134,11/18/2022
1284,03KWS1CNB0135,11/18/2022
1285,03KWS1CNB0136,11/18/2022
1286,03KWS1CNB0137,11/18/2022
1287,03KWS1CNB0138,11/18/2022
1288,03KWS1CNB0139,11/18/2022
1289,03KWS1CNB0140,11/18/2022
1290,03KWS1CNB0141,11/18/2022
1291,03KWS1CNB0142,11/18/2022
1292,03KWS1CNB0143,11/18/2022
1293,03KWS1CNB0144,11/18/2022
1294,03KWS1CNB0132,11/18/2022
1295,03KWS1CNB0145,11/18/2022
1296,03KWS1CNB0146,11/18/2022
1297,03KWS1CNB0147,11/18/2022
1298,03KWS1CNB0148,11/18/2022
1299,03KWS1CNB0149,11/18/2022
1300,03KWS1CNB0150,11/18/2022
1301,03KWS1CNB0151,11/18/2022
1302,03KWS1CNB0152,11/18/2022
1303,03KWS1CNB0153,11/18/2022
1304,03KWS1CNB0154,11/18/2022
1305,03KWS1CNB0155,11/18/2022
1306,03KWS1CNB0156,11/18/2022
1307,03KWS1CNB0157,11/18/2022
1308,03KWS1CNB0158,11/18/2022
1309,03KWS1CNB0159,11/18/2022
1310,03KWS1CNB0160,11/18/2022
1311,03KWS1CO20060,2/10/2023
1312,03KWS1CO20058,2/10/2023
1313,03KWS1CO20059,2/10/2023
1314,03KWS1CO20084,2/10/2023
1315,03KWS1CO20104,2/10/2023
1316,03KWS1CO20081,2/10/2023
1317,03KWS1CO20105,2/10/2023
1318,03KWS1CO20055,2/10/2023
1319,03KWS1CO20121,2/10/2023
1320,03KWS1CO20122,2/10/2023
1321,03KWS1CO20123,2/10/2023
1322,03KWS1CO20134,2/10/2023
1323,03KWS1CO20131,2/10/2023
1324,03KWS1CO20046,2/10/2023
1325,03KWS1CO20027,2/10/2023
1326,03KWS1CO20102,2/10/2023
1327,03KWS1CO20100,2/10/2023
1328,03KWS1CO20101,2/10/2023
1329,03KWS1CO20045,2/10/2023
1330,03KWS1CO20099,2/10/2023
1331,03KWS1CO20075,2/10/2023
1332,03KWS1CO20049,2/10/2023
1333,03KWS1CO20076,2/10/2023
1334,03KWS1CO20044,2/10/2023
1335,03KWS1CO20066,2/10/2023
1336,03KWS1CO20041,2/11/2023
1337,03KWS1CO20094,2/11/2023
1338,03KWS1CO20125,2/11/2023
1339,03KWS1CO20118,2/11/2023
1340,03KWS1CO20138,2/11/2023
1341,03KWS1CO20127,2/11/2023
1342,03KWS1CO20110,2/11/2023
1343,03KWS1CO20112,2/11/2023
1344,03KWS1CO20037,2/11/2023
1345,03KWS1CO20029,2/11/2023
1346,03KWS1CO20018,2/11/2023
1347,03KWS1CO20001,2/11/2023
1348,03KWS1CO20017,2/11/2023
1349,03KWS1CO20095,2/11/2023
1350,03KWS1CO20093,2/11/2023
1351,03KWS1CO20065,2/11/2023
1352,03KWS1CO20098,2/11/2023
1353,03KWS1CO20014,2/11/2023
1354,03KWS1CO20022,2/11/2023
1355,03KWS1CO20096,2/11/2023
1356,03KWS1CO20028,2/11/2023
1357,03KWS1CO20023,2/11/2023
1358,03KWS1CO20020,2/11/2023
1359,03KWS1CO20007,2/11/2023
1360,03KWS1CO20088,2/11/2023
1361,03KWS1CO20074,2/11/2023
1362,03KWS1CO20129,2/11/2023
1363,03KWS1CO20004,2/11/2023
1364,03KWS1CO20011,2/11/2023
1365,03KWS1CO20126,2/11/2023
1366,03KWS1CO20048,2/11/2023
1367,03KWS1CO20050,2/11/2023
1368,03KWS1CO20053,2/11/2023
1369,03KWS1CO20052,2/11/2023
1370,03KWS1CO20064,2/11/2023
1371,03KWS1CO20136,2/11/2023
1372,03KWS1CO20032,2/11/2023
1373,03KWS1CO20089,2/11/2023
1374,03KWS1CO20115,2/11/2023
1375,03KWS1CO20021,2/11/2023
1376,03KWS1CO20047,2/11/2023
1377,03KWS1CO20024,2/11/2023
1378,03KWS1CO20063,2/11/2023
1379,03KWS1CO20087,2/11/2023
1380,03KWS1CO20107,2/11/2023
1381,03KWS1CO20128,2/11/2023
1382,03KWS1CO20091,2/13/2023
1383,03KWS1CO20135,2/13/2023
1384,03KWS1CO20117,2/13/2023
1385,03KWS1CO20120,2/13/2023
1386,03KWS1CO20090,2/13/2023
1387,03KWS1CO20139,2/13/2023
1388,03KWS1CO20116,2/13/2023
1389,03KWS1CO20068,2/13/2023
1390,03KWS1CO20109,2/13/2023
1391,03KWS1CO20062,2/13/2023
1392,03KWS1CO20111,2/13/2023
1393,03KWS1CO20039,2/13/2023
1394,03KWS1CO20080,2/13/2023
1395,03KWS1CO20077,2/13/2023
1396,03KWS1CO20078,2/13/2023
1397,03KWS1CO20140,2/13/2023
1398,03KWS1CO20141,2/13/2023
1399,03KWS1CO20142,2/13/2023
1400,03KWS1CO20148,2/13/2023
1401,03KWS1CO20083,2/13/2023
1402,03KWS1CO20151,2/13/2023
1403,03KWS1CO20152,2/13/2023
1404,03KWS1CO20153,2/13/2023
1405,03KWS1CO20154,2/13/2023
1406,03KWS1CO20143,2/13/2023
1407,03KWS1CO20156,2/13/2023
1408,03KWS1CO20057,2/13/2023
1409,03KWS1CO20150,2/13/2023
1410,03KWS1CO20146,2/13/2023
1411,03KWS1CO20147,2/13/2023
1412,03KWS1CO20155,2/13/2023
1413,03KWS1CO20054,2/13/2023
1414,03KWS1CO20061,2/13/2023
1415,03KWS1CO20034,2/13/2023
1416,03KWS1CO20092,2/13/2023
1417,03KWS1CO20132,2/13/2023
1418,03KWS1CO20082,2/13/2023
1419,03KWS1CO20157,2/13/2023
1420,03KWS1CO20069,2/13/2023
1421,03KWS1CO20035,2/13/2023
1422,03KWS1CO20056,2/13/2023
1423,03KWS1CO20149,2/13/2023
1424,03KWS1CO20033,2/13/2023
1425,03KWS1CO20119,2/13/2023
1426,03KWS1CO20108,2/13/2023
1427,03KWS1CO20036,2/13/2023
1428,03KWS1CO20124,2/13/2023
1429,03KWS1CO20144,2/13/2023
1430,03KWS1CO20019,2/13/2023
1431,03KWS1CO20013,2/13/2023
1432,03KWS1CO20133,2/13/2023
1433,03KWS1CO20079,2/13/2023
1434,03KWS1CO20086,2/13/2023
1435,03KWS1CO20038,2/13/2023
1436,03KWS1CO20145,2/13/2023
1437,03KWS1CO20130,2/13/2023
1438,03KWS1CO20070,2/13/2023
1439,03KWS1CO20025,2/13/2023
1440,03KWS1CO20114,2/13/2023
1441,03KWS1CO20103,2/13/2023
1442,03KWS1CO20015,2/13/2023
1443,03KWS1CO20002,2/13/2023
1444,03KWS1CO20043,2/13/2023
1445,03KWS1CO20073,2/13/2023
1446,03KWS1CO20026,2/13/2023
1447,03KWS1CO20113,2/13/2023
1448,03KWS1CO20072,2/13/2023
1449,03KWS1CO20016,2/13/2023
1450,03KWS1CO20042,2/13/2023
1451,03KWS1CO20031,2/13/2023
1452,03KWS1CO20040,2/13/2023
1453,03KWS1CO20071,2/13/2023
1454,03KWS1CO20106,2/13/2023
1455,03KWS1CO20137,2/13/2023
1456,03KWS1CO20067,2/13/2023
1457,03KWS1CO20158,2/20/2023
1458,03KWS1CO20160,2/20/2023
1459,03KWS1CO20159,2/20/2023
1460,03KWS1CO20009,2/9/2023
1461,03KWS1CO20003,2/9/2023
1462,03KWS1CO20006,2/9/2023
1463,03KWS1CO20008,2/9/2023
1464,03KWS1CO20012,2/9/2023
1465,03KWS1CO20010,2/9/2023
1466,03KWS1CO20085,2/9/2023
1467,03KWS1CO20097,2/11/2023
1468,03KWS1CO20051,2/11/2023
1469,03KWS1CO20030,2/13/2023
1470,03KWS1CO20005,2/11/2023
1471,03KWKS1CO40001,4/1/2023
1472,03KWKS1CO40002,4/1/2023
1473,03KWKS1CO40003,4/1/2023
1474,03KWKS1CO40004,4/1/2023
1475,03KWKS1CO40005,4/1/2023
1476,03KWKS1CO40006,4/1/2023
1477,03KWKS1CO40007,4/1/2023
1478,03KWKS1CO40008,4/1/2023
1479,03KWKS1CO40009,4/1/2023
1480,03KWKS1CO40010,4/1/2023
1481,03KWKS1CO40011,4/1/2023
1482,03KWKS1CO40012,4/1/2023
1483,03KWKS1CO40013,4/1/2023
1484,03KWKS1CO40014,4/1/2023
1485,03KWKS1CO40015,4/1/2023
1486,03KWKS1CO40016,4/1/2023
1487,03KWKS1CO40017,4/1/2023
1488,03KWKS1CO40018,4/1/2023
1489,03KWKS1CO40019,4/1/2023
1490,03KWKS1CO40020,4/1/2023
1491,03KWKS1CO40021,4/1/2023
1492,03KWKS1CO40022,4/1/2023
1493,03KWKS1CO40023,4/1/2023
1494,03KWKS1CO40024,4/1/2023
1495,03KWKS1CO40025,4/1/2023
1496,03KWKS1CO40026,4/1/2023
1497,03KWKS1CO40027,4/1/2023
1498,03KWKS1CO40028,4/1/2023
1499,03KWKS1CO40029,4/1/2023
1500,03KWKS1CO40030,4/1/2023
1501,03KWKS1CO40031,4/1/2023
1502,03KWKS1CO40032,4/1/2023
1503,03KWKS1CO40033,4/1/2023
1504,03KWKS1CO40034,4/1/2023
1505,03KWKS1CO40035,4/1/2023
1506,03KWKS1CO40036,4/1/2023
1507,03KWKS1CO40037,4/1/2023
1508,03KWKS1CO40038,4/1/2023
1509,03KWKS1CO40039,4/1/2023
1510,03KWKS1CO40040,4/1/2023
1511,03KWKS1CO40041,4/1/2023
1512,03KWKS1CO40042,4/1/2023
1513,03KWKS1CO40043,4/1/2023
1514,03KWKS1CO40044,4/1/2023
1515,03KWKS1CO40045,4/1/2023
1516,03KWKS1CO40046,4/1/2023
1517,03KWKS1CO40047,4/1/2023
1518,03KWKS1CO40048,4/1/2023
1519,03KWKS1CO40049,4/1/2023
1520,03KWKS1CO40050,4/1/2023
1521,03KWKS1CO40051,4/1/2023
1522,03KWKS1CO40052,4/1/2023
1523,03KWKS1CO40053,4/1/2023
1524,03KWKS1CO40054,4/1/2023
1525,03KWKS1CO40055,4/1/2023
1526,03KWKS1CO40056,4/1/2023
1527,03KWKS1CO40057,4/1/2023
1528,03KWKS1CO40058,4/1/2023
1529,03KWKS1CO40059,4/1/2023
1530,03KWKS1CO40060,4/1/2023
1531,03KWKS1CO40061,4/1/2023
1532,03KWKS1CO40062,4/1/2023
1533,03KWKS1CO40063,4/1/2023
1534,03KWKS1CO40064,4/1/2023
1535,03KWKS1CO40065,4/1/2023
1536,03KWKS1CO40066,4/1/2023
1537,03KWKS1CO40067,4/1/2023
1538,03KWKS1CO40068,4/1/2023
1539,03KWKS1CO40069,4/1/2023
1540,03KWKS1CO40070,4/1/2023
1541,03KWKS1CO40071,4/1/2023
1542,03KWKS1CO40072,4/1/2023
1543,03KWKS1CO40073,4/1/2023
1544,03KWKS1CO40074,4/1/2023
1545,03KWKS1CO40075,4/1/2023
1546,03KWKS1CO40076,4/1/2023
1547,03KWKS1CO40077,4/1/2023
1548,03KWKS1CO40078,4/1/2023
1549,03KWKS1CO40079,4/1/2023
1550,03KWKS1CO40080,4/1/2023
1551,03KWKS1CO40081,4/1/2023
1552,03KWKS1CO40082,4/1/2023
1553,03KWKS1CO40083,4/1/2023
1554,03KWKS1CO40084,4/1/2023
1555,03KWKS1CO40085,4/1/2023
1556,03KWKS1CO40086,4/1/2023
1557,03KWKS1CO40087,4/1/2023
1558,03KWKS1CO40088,4/1/2023
1559,03KWKS1CO40089,4/1/2023
1560,03KWKS1CO40090,4/1/2023
1561,03KWKS1CO40091,4/1/2023
1562,03KWKS1CO40092,4/1/2023
1563,03KWKS1CO40093,4/1/2023
1564,03KWKS1CO40094,4/1/2023
1565,03KWKS1CO40095,4/1/2023
1566,03KWKS1CO40096,4/1/2023
1567,03KWKS1CO40097,4/1/2023
1568,03KWKS1CO40098,4/1/2023
1569,03KWKS1CO40099,4/1/2023
1570,03KWKS1CO40100,4/1/2023
1571,03KWKS1CO40101,4/1/2023
1572,03KWKS1CO40102,4/1/2023
1573,03KWKS1CO40103,4/1/2023
1574,03KWKS1CO40104,4/1/2023
1575,03KWKS1CO40105,4/1/2023
1576,03KWKS1CO40106,4/1/2023
1577,03KWKS1CO40107,4/1/2023
1578,03KWKS1CO40108,4/1/2023
1579,03KWKS1CO40109,4/1/2023
1580,03KWKS1CO40110,4/1/2023
1581,03KWKS1CO40111,4/1/2023
1582,03KWKS1CO40112,4/1/2023
1583,03KWKS1CO40113,4/1/2023
1584,03KWKS1CO40114,4/1/2023
1585,03KWKS1CO40115,4/1/2023
1586,03KWKS1CO40116,4/1/2023
1587,03KWKS1CO40117,4/1/2023
1588,03KWKS1CO40118,4/1/2023
1589,03KWKS1CO40119,4/1/2023
1590,03KWKS1CO40120,4/1/2023
1591,03KWKS1CO40121,4/1/2023
1592,03KWKS1CO40122,4/1/2023
1593,03KWKS1CO40123,4/1/2023
1594,03KWKS1CO40124,4/1/2023
1595,03KWKS1CO40125,4/1/2023
1596,03KWKS1CO40126,4/1/2023
1597,03KWKS1CO40127,4/1/2023
1598,03KWKS1CO40128,4/1/2023
1599,03KWKS1CO40129,4/1/2023
1600,03KWKS1CO40130,4/1/2023
1601,03KWKS1CO40131,4/1/2023
1602,03KWKS1CO40132,4/1/2023
1603,03KWKS1CO40133,4/1/2023
1604,03KWKS1CO40134,4/1/2023
1605,03KWKS1CO40135,4/1/2023
1606,03KWKS1CO40136,4/1/2023
1607,03KWKS1CO40137,4/1/2023
1608,03KWKS1CO40138,4/1/2023
1609,03KWKS1CO40139,4/1/2023
1610,03KWKS1CO40140,4/1/2023
1611,03KWKS1CO40141,4/1/2023
1612,03KWKS1CO40142,4/1/2023
1613,03KWKS1CO40143,4/1/2023
1614,03KWKS1CO40144,4/1/2023
1615,03KWKS1CO40145,4/1/2023
1616,03KWKS1CO40146,4/1/2023
1617,03KWKS1CO40147,4/1/2023
1618,03KWKS1CO40148,4/1/2023
1619,03KWKS1CO40149,4/1/2023
1620,03KWKS1CO40150,4/1/2023
1621,03KWKS1CO40151,4/1/2023
1622,03KWKS1CO40152,4/1/2023
1623,03KWKS1CO40153,4/1/2023
1624,03KWKS1CO40154,4/1/2023
1625,03KWKS1CO40155,4/1/2023
1626,03KWKS1CO40156,4/1/2023
1627,03KWKS1CO40157,4/1/2023
1628,03KWKS1CO40158,4/1/2023
1629,03KWKS1CO40159,4/1/2023
1630,03KWKS1CO40160,4/1/2023
1631,03KWS1C110001,10/13/2023
1632,03KWS1C110002,10/13/2023
1633,03KWS1C110003,10/13/2023
1634,03KWS1C110004,10/13/2023
1635,03KWS1C110005,10/13/2023
1636,03KWS1C110006,10/13/2023
1637,03KWS1C110007,10/13/2023
1638,03KWS1C110008,10/13/2023
1639,03KWS1C110009,10/13/2023
1640,03KWS1C110010,10/13/2023
1641,03KWS1C110011,10/13/2023
1642,03KWS1C110012,10/13/2023
1643,03KWS1C110013,10/13/2023
1644,03KWS1C110014,10/13/2023
1645,03KWS1C110015,10/13/2023
1646,03KWS1C110016,10/13/2023
1647,03KWS1C110017,10/13/2023
1648,03KWS1C110018,10/13/2023
1649,03KWS1C110019,10/13/2023
1650,03KWS1C110020,10/13/2023
1651,03KWS1C110021,10/13/2023
1652,03KWS1C110022,10/13/2023
1653,03KWS1C110023,10/13/2023
1654,03KWS1C110024,10/13/2023
1655,03KWS1C110025,10/13/2023
1656,03KWS1C110026,10/13/2023
1657,03KWS1C110027,10/13/2023
1658,03KWS1C110028,10/13/2023
1659,03KWS1C110029,10/13/2023
1660,03KWS1C110030,10/13/2023
1661,03KWS1C110031,10/13/2023
1662,03KWS1C110032,10/13/2023
1663,03KWS1C110033,10/13/2023
1664,03KWS1C110034,10/13/2023
1665,03KWS1C110035,10/13/2023
1666,03KWS1C110036,10/13/2023
1667,03KWS1C110037,10/13/2023
1668,03KWS1C110038,10/13/2023
1669,03KWS1C110039,10/13/2023
1670,03KWS1C110040,10/13/2023
1671,03KWS1C110041,10/13/2023
1672,03KWS1C110042,10/13/2023
1673,03KWS1C110043,10/13/2023
1674,03KWS1C110044,10/13/2023
1675,03KWS1C110045,10/13/2023
1676,03KWS1C110046,10/13/2023
1677,03KWS1C110047,10/13/2023
1678,03KWS1C110048,10/13/2023
1679,03KWS1C110049,10/13/2023
1680,03KWS1C110050,10/13/2023
1681,03KWS1C110051,10/13/2023
1682,03KWS1C110052,10/13/2023
1683,03KWS1C110053,10/13/2023
1684,03KWS1C110054,10/13/2023
1685,03KWS1C110055,10/13/2023
1686,03KWS1C110056,10/13/2023
1687,03KWS1C110057,10/13/2023
1688,03KWS1C110058,10/13/2023
1689,03KWS1C110059,10/13/2023
1690,03KWS1C110060,10/13/2023
1691,03KWS1C110061,10/13/2023
1692,03KWS1C110062,10/13/2023
1693,03KWS1C110063,10/13/2023
1694,03KWS1C110064,10/13/2023
1695,03KWS1C110065,10/13/2023
1696,03KWS1C110066,10/13/2023
1697,03KWS1C110067,10/13/2023
1698,03KWS1C210068,10/13/2023
1699,03KWS1C210069,10/13/2023
1700,03KWS1C210070,10/13/2023
1701,03KWS1C210071,10/13/2023
1702,03KWS1C210072,10/13/2023
1703,03KWS1C210073,10/13/2023
1704,03KWS1C210074,10/13/2023
1705,03KWS1C210075,10/13/2023
1706,03KWS1C210076,10/13/2023
1707,03KWS1C210077,10/13/2023
1708,03KWS1C210078,10/13/2023
1709,03KWS1C210079,10/13/2023
1710,03KWS1C210080,10/13/2023
1711,03KWS1C210081,10/13/2023
1712,03KWS1C210082,10/13/2023
1713,03KWS1C210083,10/13/2023
1714,03KWS1C210084,10/13/2023
1715,03KWS1C210085,10/13/2023
1716,03KWS1C210086,10/13/2023
1717,03KWS1C210087,10/14/2023
1718,03KWS1C210088,10/14/2023
1719,03KWS1C210089,10/14/2023
1720,03KWS1C210090,10/14/2023
1721,03KWS1C210091,10/14/2023
1722,03KWS1C210092,10/14/2023
1723,03KWS1C210093,10/14/2023
1724,03KWS1C210094,10/14/2023
1725,03KWS1C210095,10/14/2023
1726,03KWS1C210096,10/14/2023
1727,03KWS1C210097,10/14/2023
1728,03KWS1C210098,10/14/2023
1729,03KWS1C210099,10/14/2023
1730,03KWS1C210100,10/14/2023
1731,03KWS1C210101,10/14/2023
1732,03KWS1C210102,10/14/2023
1733,03KWS1C210103,10/14/2023
1734,03KWS1C210104,10/14/2023
1735,03KWS1C210105,10/14/2023
1736,03KWS1C210106,10/14/2023
1737,03KWS1C210107,10/14/2023
1738,03KWS1C210108,10/14/2023
1739,03KWS1C210109,10/14/2023
1740,03KWS1C210110,10/14/2023
1741,03KWS1C210111,10/14/2023
1742,03KWS1C210112,10/14/2023
1743,03KWS1C210113,10/14/2023
1744,03KWS1C210114,10/14/2023
1745,03KWS1C210115,10/14/2023
1746,03KWS1C210116,10/14/2023
1747,03KWS1C210117,10/14/2023
1748,03KWS1C210118,10/14/2023
1749,03KWS1C210119,10/14/2023
1750,03KWS1C210120,10/14/2023
1751,03KWS1C210121,10/14/2023
1752,03KWS1C210122,10/14/2023
1753,03KWS1C210123,10/14/2023
1754,03KWS1C210124,10/14/2023
1755,03KWS1C210125,10/14/2023
1756,03KWS1C210126,10/14/2023
1757,03KWS1C210127,10/14/2023
1758,03KWS1C210128,10/14/2023
1759,03KWS1C210129,10/14/2023
1760,03KWS1C210130,10/14/2023
1761,03KWS1C210131,10/14/2023
1762,03KWS1C210132,10/14/2023
1763,03KWS1C210133,10/14/2023
1764,03KWS1C210134,10/14/2023
1765,03KWS1C210135,10/14/2023
1766,03KWS1C210136,10/14/2023
1767,03KWS1C210137,10/14/2023
1768,03KWS1C210138,10/14/2023
1769,03KWS1C210139,10/14/2023
1770,03KWS1C210140,10/14/2023
1771,03KWS1C210141,10/14/2023
1772,03KWS1C210142,10/14/2023
1773,03KWS1C210143,10/14/2023
1774,03KWS1C210144,10/14/2023
1775,03KWS1C210145,10/14/2023
1776,03KWS1C210146,10/14/2023
1777,03KWS1C210147,10/14/2023
1778,03KWS1C210148,10/14/2023
1779,03KWS1C210149,10/14/2023
1780,03KWS1C210150,10/14/2023
1781,03KWS1C210151,10/14/2023
1782,03KWS1C210152,10/14/2023
1783,03KWS1C210153,10/14/2023
1784,03KWS1C210154,10/14/2023
1785,03KWS1C210155,10/14/2023
1786,03KWS1C210156,10/14/2023
1787,03KWS1C210157,10/14/2023
1788,03KWS1C210158,10/14/2023
1789,03KWS1C210159,10/14/2023
1790,03KWS1C210160,10/14/2023